?명꽣?섏씠??遺꾨쪟,?듭떊 諛⑹떇,?몄텧 ?깃꺽,Extension 愿??湲곕뒫,?명꽣?섏씠??ID,?몃? 洹몃９,????쒖뒪???쒓렇?덉쿂/硫붿떆吏 ?뺤떇,?ㅻ챸,?ㅽ뙣 議곌굔,?낅젰媛?異쒕젰媛??좏뻾 議곌굔,遺?묒슜/?꾩냽 ?숈옉,鍮꾧퀬
Module API,Direct Call,Query,Internal,Git ?곹깭 議고쉶,I-03-getStatus,GitClient,Git CLI,getStatus(): Promise<GitStatus>,?꾩옱 釉뚮옖移?諛?staged/unstaged/untracked ?곹깭瑜?諛섑솚?쒕떎,git status ?ㅽ뙣,?놁쓬 ?먮뒗 repoPath,Promise<GitStatus>,Git ??μ냼 議댁옱,GIT_STATUS_UPDATED ?꾩넚 媛??repoPath ?몄옄 異붽? 沅뚯옣
Module API,Direct Call,Query,Internal,釉뚮옖移?紐⑸줉 議고쉶,I-03-getBranches,GitClient,Git CLI,getBranches(): Promise<BranchInfo[]>,濡쒖뺄 釉뚮옖移?紐⑸줉??諛섑솚?쒕떎,git branch ?ㅽ뙣,?놁쓬 ?먮뒗 repoPath,Promise<BranchInfo[]>,Git ??μ냼 議댁옱,BRANCH_LIST ?꾩넚 媛??
Module API,Direct Call,Query,Internal,蹂묓빀 ?꾨즺 釉뚮옖移?議고쉶,I-03-getMergedBranches,GitClient,Git CLI,getMergedBranches(): Promise<string[]>,蹂묓빀 ?꾨즺??釉뚮옖移섎챸??諛섑솚?쒕떎,git branch --merged ?ㅽ뙣,?놁쓬 ?먮뒗 repoPath,Promise<string[]>,Git ??μ냼 議댁옱,釉뚮옖移??뺣━ ?꾨낫 怨꾩궛,
Module API,Direct Call,Query,Internal,staged diff 議고쉶,I-03-getStagedDiff,GitClient,Git CLI,getStagedDiff(): Promise<string>,staged 蹂寃쎌궗??diff ?띿뒪?몃? 諛섑솚?쒕떎,git diff --staged ?ㅽ뙣,?놁쓬 ?먮뒗 repoPath,Promise<string>,staged 蹂寃쎌궗??議댁옱,AI 異붿쿇 ?낅젰 援ъ꽦,
Module API,Direct Call,Query,Internal,??釉뚮옖移?diff 議고쉶,I-03-getDiff,GitClient,Git CLI,"getDiff(base: string, branch: string): Promise<DiffResult[]>",??釉뚮옖移?媛?diff 寃곌낵瑜?諛섑솚?쒕떎,git diff ?ㅽ뙣,"base, branch",Promise<DiffResult[]>,??釉뚮옖移?議댁옱,ConflictAnalyzer ?낅젰 援ъ꽦,
Module API,Direct Call,Query,Internal,merge base 議고쉶,I-03-getMergeBase,GitClient,Git CLI,"getMergeBase(source: string, target: string): Promise<string>",??釉뚮옖移섏쓽 怨듯넻 議곗긽 而ㅻ컠 ?댁떆瑜?諛섑솚?쒕떎,git merge-base ?ㅽ뙣,"source, target",Promise<string>,??釉뚮옖移?議댁옱,異⑸룎 遺꾩꽍 ?좏뻾 ?④퀎,
Module API,Direct Call,Query,Internal,?뚰겕?몃━ 議고쉶,I-03-getWorktrees,GitClient,Git CLI,getWorktrees(): Promise<WorktreeInfo[]>,?꾩옱 ??μ냼???뚰겕?몃━ ?뺣낫瑜?諛섑솚?쒕떎,git worktree 紐낅졊 ?ㅽ뙣,?놁쓬 ?먮뒗 repoPath,Promise<WorktreeInfo[]>,Git ??μ냼 議댁옱,UI ?쒖떆,
Module API,Direct Call,Query,Internal,濡쒓렇 議고쉶,I-03-getLog,GitClient,Git CLI,getLog(limit?: number): Promise<LogEntry[]>,理쒓렐 而ㅻ컠 濡쒓렇瑜?諛섑솚?쒕떎,git log ?ㅽ뙣,limit,Promise<LogEntry[]>,Git ??μ냼 議댁옱,PR 異붿쿇 蹂댁“ ?낅젰 媛??
Module API,Direct Call,Command,Internal,蹂묓빀 ?ㅽ뻾,I-03-runMerge,GitClient,Git CLI,"runMerge(source: string, target: string): Promise<MergeResult>",??釉뚮옖移?蹂묓빀???ㅽ뻾?섍퀬 寃곌낵瑜?諛섑솚?쒕떎,git merge ?ㅽ뙣,"source, target",Promise<MergeResult>,??釉뚮옖移?議댁옱,MERGE_COMPLETE ?먮뒗 conflict ?꾩냽 泥섎━,?몄텧 二쇱껜 ?쒓린 ?듭씪 ?꾩슂
Module API,Direct Call,Command,Internal,蹂묓빀 怨꾩냽,I-03-runMergeContinue,GitClient,Git CLI,runMergeContinue(): Promise<void>,以묐떒??蹂묓빀??怨꾩냽 吏꾪뻾?쒕떎,git merge --continue ?ㅽ뙣,?놁쓬,Promise<void>,蹂묓빀 吏꾪뻾 以??곹깭,?곹깭 媛깆떊,
Module API,Direct Call,Command,Internal,蹂묓빀 以묐떒,I-03-runMergeAbort,GitClient,Git CLI,runMergeAbort(): Promise<void>,吏꾪뻾 以?蹂묓빀??以묐떒?쒕떎,git merge --abort ?ㅽ뙣,?놁쓬,Promise<void>,蹂묓빀 吏꾪뻾 以??곹깭,?곹깭 媛깆떊,
Module API,Direct Call,Command,Internal,釉뚮옖移??앹꽦,I-03-createBranch,GitClient,Git CLI,createBranch(name: string): Promise<void>,??釉뚮옖移섎? ?앹꽦?쒕떎,git checkout -b ?먮뒗 git branch ?ㅽ뙣,name,Promise<void>,釉뚮옖移섎챸 ?좏슚,釉뚮옖移?紐⑸줉 媛깆떊,?꾪솚 ?ы븿 ?щ? 遺꾨━ 沅뚯옣
Module API,Direct Call,Command,Internal,釉뚮옖移???젣,I-03-deleteBranch,GitClient,Git CLI,"deleteBranch(name: string, force?: boolean): Promise<void>",濡쒖뺄 釉뚮옖移섎? ??젣?쒕떎,"?꾩옱 釉뚮옖移???젣 ?쒕룄, git branch -d ?ㅽ뙣","name, force",Promise<void>,???釉뚮옖移?議댁옱,釉뚮옖移?紐⑸줉 媛깆떊,
Module API,Direct Call,Command,Internal,而ㅻ컠 ?ㅽ뻾,I-03-runCommit,GitClient,Git CLI,"runCommit(message: string, body?: string): Promise<void>",二쇱뼱吏?硫붿떆吏濡?而ㅻ컠???앹꽦?쒕떎,git commit ?ㅽ뙣,"message, body",Promise<void>,staged 蹂寃쎌궗??議댁옱,Git ?곹깭 媛깆떊,
Module API,Direct Call,Command,Internal,?ㅻ깄???앹꽦,I-04-createSnapshot,SnapshotManager,Local Storage,"createSnapshot(files: SnapshotFile[], reason: SnapshotReason): Promise<string>",?ㅻ깄???뚯씪怨?硫뷀??곗씠?곕? ??ν븯怨?snapshotId瑜?諛섑솚?쒕떎,"?뚯씪 ?곌린 ?ㅽ뙣, metadata 湲곕줉 ?ㅽ뙣","files, reason",Promise<string>,???????뚯씪 議댁옱,"SNAPSHOT_CREATED ?꾩넚, pruneOldSnapshots ?ㅽ뻾",AI ?ㅽ뻾 吏곸쟾???명꽣?섏씠??蹂꾨룄 紐낆떆 沅뚯옣
Module API,Direct Call,Query,Internal,?ㅻ깄??紐⑸줉 議고쉶,I-04-listSnapshots,SnapshotManager,Local Storage,listSnapshots(): Promise<SnapshotMeta[]>,??λ맂 ?ㅻ깄??紐⑸줉??諛섑솚?쒕떎,?몃뜳??議고쉶 ?ㅽ뙣,?놁쓬,Promise<SnapshotMeta[]>,??μ냼 珥덇린???꾨즺,SNAPSHOT_LIST ?꾩넚,
Module API,Direct Call,Query,Internal,?ㅻ깄???④굔 議고쉶,I-04-getSnapshot,SnapshotManager,Local Storage,getSnapshot(snapshotId: string): Promise<SnapshotMeta>,?뱀젙 ?ㅻ깄??硫뷀??곗씠?곕? 諛섑솚?쒕떎,硫뷀??곗씠???놁쓬,snapshotId,Promise<SnapshotMeta>,snapshotId 議댁옱,?곸꽭 ?쒖떆 媛??
Module API,Direct Call,Command,Internal,?ㅻ깄???먮났,I-04-restore,SnapshotManager,Local Storage,restore(snapshotId: string): Promise<void>,?좏깮???ㅻ깄???뚯씪 ?곹깭濡?蹂듦뎄?쒕떎,"蹂듦뎄 ????뚯씪 ?놁쓬, ?뚯씪 ?곌린 ?ㅽ뙣",snapshotId,Promise<void>,"snapshotId 議댁옱, ?뚯씪 議댁옱","RESTORE_DONE ?꾩넚, ?곹깭 媛깆떊",pre_restore ?ㅻ깄???앹꽦 沅뚯옣
Module API,Direct Call,Command,Internal,?ㅻ깄????젣,I-04-deleteSnapshot,SnapshotManager,Local Storage,deleteSnapshot(snapshotId: string): Promise<void>,?ㅻ깄??硫뷀?? ?뚯씪????젣?쒕떎,?뚯씪 ??젣 ?ㅽ뙣,snapshotId,Promise<void>,snapshotId 議댁옱,紐⑸줉 媛깆떊,
Module API,Direct Call,Command,Internal,?ㅻ옒???ㅻ깄???뺣━,I-04-pruneOldSnapshots,SnapshotManager,Local Storage,pruneOldSnapshots(): Promise<void>,蹂닿? 湲곗????섎뒗 ?ㅻ옒???ㅻ깄?룹쓣 ??젣?쒕떎,??젣 ?ㅽ뙣,?놁쓬,Promise<void>,?ㅼ젙媛?議댁옱,?몃뜳??媛깆떊,泥댄겕?ъ씤???쒖쇅
Module API,Direct Call,Query,Internal,蹂寃?湲곕줉 ?앹꽦,I-05-createRecord,ChangeRecordManager,Local Storage,"createRecord(snapshotId: string, files: ChangedFile[]): Promise<string>",?ㅻ깄?룰낵 ?곌껐??蹂寃?湲곕줉???앹꽦?쒕떎,????ㅽ뙣,"snapshotId, files",Promise<string>,snapshotId 議댁옱,?몄뀡 ?곌껐 媛??
Module API,Direct Call,Query,Internal,蹂寃?湲곕줉 議고쉶,I-05-getRecord,ChangeRecordManager,Local Storage,getRecord(recordId: string): Promise<ChangeRecord>,?뱀젙 蹂寃?湲곕줉??諛섑솚?쒕떎,湲곕줉 ?놁쓬,recordId,Promise<ChangeRecord>,recordId 議댁옱,?곸꽭 ?쒖떆 媛??
Module API,Direct Call,Query,Internal,蹂寃?湲곕줉 紐⑸줉 議고쉶,I-05-listRecords,ChangeRecordManager,Local Storage,listRecords(): Promise<ChangeRecord[]>,??λ맂 蹂寃?湲곕줉 紐⑸줉??諛섑솚?쒕떎,議고쉶 ?ㅽ뙣,?놁쓬,Promise<ChangeRecord[]>,??μ냼 珥덇린???꾨즺,UI ?쒖떆,
Module API,Direct Call,Command,Internal,AI 而⑦뀓?ㅽ듃 ?앹꽦,I-05-buildContext,ChangeRecordManager,Local Storage,buildContext(recordId: string): Promise<ContextObject>,AI ?몄텧???ъ슜??蹂寃?留λ씫 媛앹껜瑜?諛섑솚?쒕떎,湲곕줉 議고쉶 ?ㅽ뙣,recordId,Promise<ContextObject>,recordId 議댁옱,AIClient ?낅젰 援ъ꽦,
Module API,Direct Call,Command,Internal,?몄뀡 ?곌껐,I-05-linkToSession,ChangeRecordManager,Local Storage,"linkToSession(recordId: string, sessionId: string): Promise<void>",蹂寃?湲곕줉怨??몄뀡???곌껐?쒕떎,????ㅽ뙣,"recordId, sessionId",Promise<void>,"recordId, sessionId 議댁옱",?몄뀡 湲곕컲 異붿쟻,
Module API,Direct Call,Command,Internal,異⑸룎 遺꾩꽍,I-06-analyze,ConflictAnalyzer,GitClient/StaticAnalyzer,"analyze(source: string, target: string): Promise<ConflictCandidate[]>","merge base, diff, ?뺤쟻 遺꾩꽍???듯빐 異⑸룎 ?꾨낫瑜?諛섑솚?쒕떎","merge base 議고쉶 ?ㅽ뙣, diff ?ㅽ뙣, ?뺤쟻 遺꾩꽍 ?ㅽ뙣","source, target",Promise<ConflictCandidate[]>,??釉뚮옖移?議댁옱,CONFLICT_RESULT ?꾩넚,?대? ?④퀎 臾몄꽌???좎?
Module API,Direct Call,Command,Internal,蹂묓빀 珥덉븞 ?앹꽦,I-07-generateMergeProposal,AIClient,AI Adapter,"generateMergeProposal(candidates: ConflictCandidate[], context: ContextObject): Promise<MergeProposal[]>",異⑸룎 ?꾨낫? 留λ씫??湲곕컲?쇰줈 AI 蹂묓빀 珥덉븞??諛섑솚?쒕떎,"AI ?묐떟 ?ㅽ뙣, ?ㅽ궎留?寃利??ㅽ뙣","candidates, context",Promise<MergeProposal[]>,?좏슚??candidates/context 議댁옱,MERGE_PROPOSAL ?꾩넚,
Module API,Direct Call,Command,Internal,蹂묐젹 蹂묓빀 珥덉븞 ?앹꽦,I-07-generateMergeProposalParallel,AIClient,AI Adapter,generateMergeProposalParallel(conflictFiles: string[]): Promise<MergeProposal[]>,異⑸룎 ?뚯씪蹂?蹂묐젹 AI 蹂묓빀 珥덉븞??諛섑솚?쒕떎,AI ?묐떟 ?ㅽ뙣,conflictFiles,Promise<MergeProposal[]>,conflictFiles 議댁옱,MERGE_PROPOSAL ?꾩넚,Promise.all 蹂묐젹
Module API,Direct Call,Command,Internal,而ㅻ컠 異붿쿇 ?앹꽦,I-07-recommendCommit,AIClient,AI Adapter,"recommendCommit(stagedDiff: string, tag?: CommitTag): Promise<CommitSuggestion>",staged diff瑜?湲곕컲?쇰줈 而ㅻ컠 ?쒕ぉ/蹂몃Ц/?ㅻ챸 異붿쿇??諛섑솚?쒕떎,"AI ?묐떟 ?ㅽ뙣, ?ㅽ궎留?寃利??ㅽ뙣","stagedDiff, tag",Promise<CommitSuggestion>,stagedDiff 議댁옱,COMMIT_SUGGESTIONS ?꾩넚,
Module API,Direct Call,Command,Internal,釉뚮옖移섎챸 異붿쿇 ?앹꽦,I-07-recommendBranch,AIClient,AI Adapter,recommendBranch(purpose: string): Promise<string[]>,?묒뾽 紐⑹쟻 湲곕컲 釉뚮옖移섎챸 ?꾨낫瑜?諛섑솚?쒕떎,"AI ?묐떟 ?ㅽ뙣, ?ㅽ궎留?寃利??ㅽ뙣",purpose,Promise<string[]>,purpose 議댁옱,BRANCH_SUGGESTIONS ?꾩넚,
Module API,Direct Call,Command,Internal,PR ?ㅻ챸 異붿쿇 ?앹꽦,I-07-recommendPR,AIClient,AI Adapter,"recommendPR(base: string, diff: string, commits: string[]): Promise<string>",PR description 珥덉븞??諛섑솚?쒕떎,"AI ?묐떟 ?ㅽ뙣, ?ㅽ궎留?寃利??ㅽ뙣","base, diff, commits",Promise<string>,"base, diff 議댁옱",PR_SUGGESTION ?꾩넚,
Module API,Direct Call,Query,Internal,異⑸룎 留덉빱 ?ㅼ틪,I-07-scanConflictMarkers,AIClient,AI Adapter,scanConflictMarkers(filePaths: string[]): Promise<boolean>,二쇱뼱吏??뚯씪?ㅼ뿉 conflict marker媛 ?⑥븘 ?덈뒗吏 諛섑솚?쒕떎,?뚯씪 ?쎄린 ?ㅽ뙣,filePaths,Promise<boolean>,filePaths 議댁옱,?꾩냽 蹂댁젙 ?먮뒗 ?ъ텛泥?AIClient蹂대떎 蹂꾨룄 ?좏떥 遺꾨━??媛??
Module API,Direct Call,Command,Internal,?뺤쟻 遺꾩꽍 ?ㅽ뻾,I-08-analyze,StaticAnalyzer,遺꾩꽍湲?analyze(candidates: ConflictCandidate[]): Promise<ConflictCandidate[]>,異⑸룎 ?꾨낫???좊ː?꾨? 蹂댁젙??寃곌낵瑜?諛섑솚?쒕떎,遺꾩꽍 ?ㅽ뙣,candidates,Promise<ConflictCandidate[]>,candidates 議댁옱,ConflictAnalyzer ?꾩냽 ?④퀎,
VS Code Integration,VS Code ?대깽????Event,Registry,???吏곸쟾 ?대깽????I-09-onWillSaveTextDocument,Document Save,VSCode API,workspace.onWillSaveTextDocument,?뚯씪 ???吏곸쟾 ?곹깭瑜?媛먯??쒕떎,?대깽???깅줉 ?ㅽ뙣,TextDocument ????대깽???ㅻ깄???앹꽦 ?몃━嫄?臾몄꽌 ???諛쒖깮,sessionManager ?먮뒗 SnapshotManager ?몄텧,湲고쉷??AI ?묒뾽 吏곸쟾 ?낃낵 援щ텇 ?꾩슂
VS Code Integration,VS Code ?대깽????Event,Registry,?뚯씪 ?쒖뒪??媛먯떆 ??I-09-createFileSystemWatcher,File Watcher,VSCode API,workspace.createFileSystemWatcher,?몃? ?꾨줈?몄뒪 ?ы븿 ?뚯씪 蹂寃쎌쓣 媛먯??쒕떎,watcher ?앹꽦 ?ㅽ뙣,?뚯씪 蹂寃??대깽??蹂寃?媛먯? 寃곌낵,Watcher ?깅줉 ?꾨즺,紐⑸줉/?곹깭 UI 媛깆떊,
VS Code Integration,VS Code ?대깽????Event,Registry,?뚰겕?ㅽ럹?댁뒪 蹂寃???I-09-onDidChangeWorkspaceFolders,Workspace,VSCode API,workspace.onDidChangeWorkspaceFolders,?뚰겕?ㅽ럹?댁뒪 ?대뜑 異붽?/?쒓굅瑜?媛먯??쒕떎,?ъ큹湲고솕 ?ㅽ뙣,?뚰겕?ㅽ럹?댁뒪 ?대뜑 蹂寃?GitClient ?ъ큹湲고솕,?대깽???깅줉 ?꾨즺,??μ냼 ?ъ꽑??硫??猷⑦듃 ????듭떖
VS Code Integration,VS Code ?대깽????Event,Registry,?쒖꽦 ?먮뵒??蹂寃???I-09-onDidChangeActiveTextEditor,Editor,VSCode API,window.onDidChangeActiveTextEditor,?쒖꽦 ?먮뵒??蹂寃쎌쓣 媛먯??쒕떎,?먮뵒???놁쓬,?쒖꽦 ?먮뵒??蹂寃??꾩옱 ?뚯씪 ?곹깭,?대깽???깅줉 ?꾨즺,?꾩옱 ?뚯씪 ?곹깭 UI 媛깆떊,
VS Code Integration,VS Code ?대깽????Event,Registry,????꾨즺 ?대깽????I-09-onDidSaveTextDocument,Document Save,VSCode API,workspace.onDidSaveTextDocument,?뚯씪 ?????Git ?곹깭 媛깆떊???몃━嫄고븳???곹깭 議고쉶 ?ㅽ뙣,TextDocument ????꾨즺,?곹깭 ?ъ“???대깽???깅줉 ?꾨즺,GIT_STATUS_UPDATED ?꾩넚,
VS Code Integration,VS Code Command,Command,Registry,硫붿씤 ?⑤꼸 ?닿린 而ㅻ㎤??I-10-gitcat.openPanel,Command,VSCode API,gitcat.openPanel,GitCat 硫붿씤 ?묒뾽 ?붾㈃???곕떎,?⑤꼸 ?앹꽦 ?ㅽ뙣,?놁쓬,硫붿씤 ?⑤꼸 ?쒖떆,而ㅻ㎤???깅줉 ?꾨즺,panel provider 珥덇린??
VS Code Integration,VS Code Command,Command,Registry,?ㅻ깄???먮났 而ㅻ㎤??I-10-gitcat.restoreSnapshot,Command,VSCode API,gitcat.restoreSnapshot,?ㅻ깄???먮났 湲곕뒫???ㅽ뻾?쒕떎,snapshotId ?놁쓬,snapshotId ?먮뒗 ?좏깮媛??먮났 ?ㅽ뻾,而ㅻ㎤???깅줉 ?꾨즺,restore ?몄텧,
VS Code Integration,VS Code Command,Command,Registry,異⑸룎 遺꾩꽍 而ㅻ㎤??I-10-gitcat.analyzeConflict,Command,VSCode API,gitcat.analyzeConflict,異⑸룎 遺꾩꽍 湲곕뒫???ㅽ뻾?쒕떎,釉뚮옖移??뺣낫 ?놁쓬,"source, target",遺꾩꽍 寃곌낵,而ㅻ㎤???깅줉 ?꾨즺,analyze ?몄텧,
VS Code Integration,VS Code Command,Command,Registry,蹂묓빀 ?ㅽ뻾 而ㅻ㎤??I-10-gitcat.runMerge,Command,VSCode API,gitcat.runMerge,蹂묓빀 ?ㅽ뻾 湲곕뒫???몄텧?쒕떎,蹂묓빀 ?ㅽ뙣,"source, target",蹂묓빀 寃곌낵,而ㅻ㎤???깅줉 ?꾨즺,runMerge ?몄텧,
VS Code Integration,VS Code Command,Command,Registry,而ㅻ컠 異붿쿇 而ㅻ㎤??I-10-gitcat.recommendCommit,Command,VSCode API,gitcat.recommendCommit,而ㅻ컠 硫붿떆吏 異붿쿇 湲곕뒫???ㅽ뻾?쒕떎,diff ?섏쭛 ?ㅽ뙣,diff ?먮뒗 ?대? ?섏쭛媛?異붿쿇 寃곌낵,而ㅻ㎤???깅줉 ?꾨즺,recommendCommit ?몄텧,
VS Code Integration,VS Code Command,Command,Registry,釉뚮옖移섎챸 異붿쿇 而ㅻ㎤??I-10-gitcat.recommendBranch,Command,VSCode API,gitcat.recommendBranch,釉뚮옖移섎챸 異붿쿇 湲곕뒫???ㅽ뻾?쒕떎,purpose ?놁쓬,purpose,異붿쿇 寃곌낵,而ㅻ㎤???깅줉 ?꾨즺,recommendBranch ?몄텧,
VS Code Integration,VS Code Command,Command,Registry,PR 異붿쿇 而ㅻ㎤??I-10-gitcat.recommendPR,Command,VSCode API,gitcat.recommendPR,PR ?ㅻ챸 異붿쿇 湲곕뒫???ㅽ뻾?쒕떎,base ?놁쓬,base,異붿쿇 寃곌낵,而ㅻ㎤???깅줉 ?꾨즺,recommendPR ?몄텧,
VS Code Integration,VS Code Command,Command,Registry,釉뚮옖移??뺣━ 而ㅻ㎤??I-10-gitcat.cleanBranches,Command,VSCode API,gitcat.cleanBranches,釉뚮옖移??뺣━ 湲곕뒫???ㅽ뻾?쒕떎,??젣 ?ㅽ뙣,?좏깮??branch names,??젣 寃곌낵,而ㅻ㎤???깅줉 ?꾨즺,deleteBranch ?몄텧,
VS Code Integration,VS Code Command,Command,Registry,?섎룞 ?ㅻ깄???앹꽦 而ㅻ㎤??I-10-gitcat.createSnapshot,Command,VSCode API,gitcat.createSnapshot,?섎룞 ?ㅻ깄???앹꽦???ㅽ뻾?쒕떎,?앹꽦 ?ㅽ뙣,"files, reason",snapshotId,而ㅻ㎤???깅줉 ?꾨즺,createSnapshot ?몄텧,?몃뱾??怨꾩링 遺꾨━ 沅뚯옣
VS Code Integration,VS Code Command,Command,Registry,Git ?곹깭 媛깆떊 而ㅻ㎤??I-10-gitcat.refreshStatus,Command,VSCode API,gitcat.refreshStatus,?꾩옱 Git ?곹깭瑜??ъ“?뚰븳???곹깭 議고쉶 ?ㅽ뙣,?놁쓬,GitStatus,而ㅻ㎤???깅줉 ?꾨즺,GIT_STATUS_UPDATED ?꾩넚,?대???
STORAGE,globalState,Query,Persistence,globalState 議고쉶,I-11-storage-get,ExtensionContext.globalState,VSCode API,get<T>(key: string): T | undefined,globalState????λ맂 媛믪쓣 議고쉶?쒕떎,???놁쓬,key,???媛??먮뒗 undefined,context 珥덇린???꾨즺,?꾩냽 濡쒖쭅 遺꾧린,StorageService ?섑띁 ?ъ슜
STORAGE,globalState,Persistence,Persistence,globalState ???I-11-storage-set,ExtensionContext.globalState,VSCode API,"set<T>(key: string, value: T): Promise<void>",globalState??媛믪쓣 ??ν븳??update ?ㅽ뙣,"key, value",Promise<void>,context 珥덇린???꾨즺,?몃뜳???ㅼ젙 媛?諛섏쁺,
STORAGE,globalState,Persistence,Persistence,globalState ??젣,I-11-storage-delete,ExtensionContext.globalState,VSCode API,delete(key: string): Promise<void>,globalState?먯꽌 媛믪쓣 ??젣?쒕떎,update ?ㅽ뙣,key,Promise<void>,context 珥덇린???꾨즺,?꾩냽 議고쉶 寃곌낵 諛섏쁺,
STORAGE,File I/O,Persistence,Persistence,?ㅻ깄??硫뷀? ?뚯씪 ???I-12-metadata-json,.vscode/snapshots,Local File System,metadata.json,?ㅻ깄??硫뷀??곗씠?곕? ?뚯씪濡???ν븳???뚯씪 ?곌린 ?ㅽ뙣,SnapshotMeta 援ъ“,????꾨즺,?뚰겕?ㅽ럹?댁뒪 猷⑦듃 ?묎렐 媛??蹂듦뎄/紐⑸줉 議고쉶 湲곕컲 ?곗씠???쒓났,.gitignore ?쒖쇅 ?꾩슂
STORAGE,File I/O,Persistence,Persistence,?ㅻ깄???뚯씪 蹂듭궗 ???I-12-snapshot-file-copy,.vscode/snapshots,Local File System,snapshot file copy,蹂듦뎄???뚯씪 蹂듭궗蹂몄쓣 ??ν븳???뚯씪 ?곌린 ?ㅽ뙣,"?먮낯 ?뚯씪 寃쎈줈, ?댁슜",????꾨즺,?뚯씪 寃쎈줈 ?좏슚,restore ?낅젰 ?곗씠???쒓났,寃쎈줈 移섑솚 洹쒖튃 ?좎?
Type / Schema,Type Import,Definition,Definition,怨듯넻 ???怨꾩빟,I-13-types,src/core/types.ts,TypeScript Type System,export interface/type,紐⑤뱢 媛?怨듭쑀 ???怨꾩빟???쒓났?쒕떎,???遺덉씪移?????뺤쓽,?뺤쟻 ???寃??怨듯넻 ???import 媛??而댄뙆???④퀎 寃利?臾몄꽌? 肄붾뱶 ?숆린???꾩슂
Type / Schema,Schema Validation,Validation,Definition,AI ?묐떟 ?ㅽ궎留?寃利?I-14-zod-schemas,Zod Schema,Zod,schema.parse(raw),AI ?묐떟 援ъ“瑜?寃利앺븳??ZodError 諛쒖깮,raw response,寃利앸맂 ?묐떟 ?먮뒗 ?덉쇅,?ㅽ궎留??뺤쓽 ?꾨즺,1???ъ떆????ERROR 泥섎━,AI ?묐떟 ?덉젙???듭떖

